,index,lead_ticker,lag_ticker,n,cc,p,lead_to_lag,validation,path
0,1,AGG,AGND,90,-0.259923,0.0430753,-1,,
1,112,AGG,MINT,90,-0.373156,0.00305703,-1,,
2,137,AGG,SLV,90,-0.269017,0.0360432,-1,,
3,234,AGND,FLM,90,-0.258577,0.0442057,-1,,
4,634,BAL,JO,90,-0.312941,0.0140648,-1,,
5,646,BAL,MINT,90,-0.297016,0.0200984,-1,,
6,648,BAL,NIB,90,-0.260962,0.0422188,-1,,
7,960,BJK,GRID,90,-0.340542,0.00724264,-1,invalid,BJK>VNM>GRID
8,1029,BJK,SMH,90,-0.307401,0.0159578,-1,,
9,1048,BJK,VNM,90,-0.290158,0.0233069,-1,invalid,BJK>SMH>SKYY>VNM
10,1075,BKLN,BNO,90,-0.310416,0.0149023,-1,,
11,1087,BKLN,DBC,90,-0.277261,0.0305191,-1,,
12,1088,BKLN,DBE,90,-0.288826,0.0239778,-1,,
13,1166,BKLN,JJT,90,-0.261999,0.0413774,-1,,
14,1220,BKLN,UHN,90,-0.283261,0.0269605,-1,,
15,1223,BKLN,USO,90,-0.321427,0.0115398,-1,,
16,1224,BKLN,UUP,90,-0.254749,0.0475566,-1,,
17,1264,BNO,DBB,90,-0.321814,0.0114349,-1,,
18,1321,BNO,IAI,90,-0.270778,0.0347984,-1,,
19,1335,BNO,IYG,90,-0.289429,0.0236721,-1,,
20,1347,BNO,KBE,90,-0.280863,0.0283384,-1,,
21,1350,BNO,KRE,90,-0.263385,0.0402753,-1,,
22,1374,BNO,QABA,90,-0.297168,0.0200321,-1,,
23,1379,BNO,SGG,90,-0.298978,0.0192528,-1,invalid,BNO>UGA>SGG
24,1397,BNO,UGA,90,-0.267092,0.0374459,-1,,
25,1410,BNO,WOOD,90,-0.291026,0.0228784,-1,,
26,1412,BNO,XLF,90,-0.325947,0.0103628,-1,,
27,1490,BSV,GDX,90,-0.28887,0.0239557,-1,,
28,1533,BSV,LQD,90,-0.258733,0.0440736,-1,,
29,1536,BSV,MINT,90,-0.29818,0.0195933,-1,invalid,BSV>LQD>MINT
30,1559,BSV,SIL,90,-0.253646,0.0485592,-1,,
31,1561,BSV,SLV,90,-0.264794,0.0391802,-1,invalid,BSV>LQD>SLV
32,1603,BWX,AGND,90,-0.312507,0.0142057,-1,invalid,BWX>GDX>AGND
33,1623,BWX,ECH,90,-0.2945,0.0212289,-1,,
34,1637,BWX,EWD,90,-0.261144,0.0420697,-1,invalid,BWX>ECH>EWD
35,1668,BWX,GDX,90,-0.2649,0.0390983,-1,,
36,1679,BWX,ICLN,90,-0.260738,0.0424017,-1,invalid,BWX>GDX>ICLN
37,1697,BWX,JJG,90,-0.266928,0.0375676,-1,,
38,1746,BWX,TAN,90,-0.275114,0.0318844,-1,invalid,BWX>GDX>TAN
39,1765,BWX,WEAT,90,-0.261334,0.0419151,-1,,
40,1959,CEW,AGND,90,-0.279174,0.0293441,-1,invalid,CEW>EWZ>AGND
41,2010,CEW,EWZ,90,-0.29353,0.0216792,-1,,
42,2012,CEW,FAN,90,-0.349832,0.00571561,-1,invalid,CEW>EWZ>FAN
43,2013,CEW,FDN,90,-0.280605,0.0284901,-1,,
44,2033,CEW,IAI,90,-0.259588,0.0433541,-1,,
45,2035,CEW,ICLN,90,-0.414177,0.000905746,-1,,
46,2079,CEW,PEJ,90,-0.317275,0.0127216,-1,invalid,CEW>WEAT>EWA>CIBR>EWG>PEJ
47,2086,CEW,QABA,90,-0.315128,0.0133723,-1,,
48,2094,CEW,SKYY,90,-0.267299,0.0372933,-1,invalid,CEW>SMH>SKYY
49,2097,CEW,SMH,90,-0.315559,0.0132395,-1,,
50,2121,CEW,WEAT,90,-0.260621,0.0424977,-1,,
51,2126,CEW,XLK,90,-0.280091,0.0287944,-1,,
52,2130,CEW,XLY,90,-0.29382,0.0215437,-1,,
53,2172,CIBR,EWG,90,-0.256367,0.0461152,-1,invalid,CIBR>SMH>SKYY>EWG
54,2255,CIBR,PBJ,90,-0.262706,0.0408126,-1,,
55,2275,CIBR,SMH,90,-0.292509,0.0221615,-1,invalid,CIBR>PBJ>EWJ>SMH
56,2296,CIBR,VNQI,90,-0.278888,0.0295171,-1,,
57,2305,CIBR,XLP,90,-0.264994,0.0390266,-1,invalid,CIBR>PBJ>XLP
58,2312,CIBR,YCS,90,-0.30098,0.0184213,-1,,
59,2331,CORN,DBA,90,-0.291265,0.0227615,-1,,
60,2409,CORN,JJG,90,-0.27899,0.0294553,-1,,
61,2428,CORN,NIB,90,-0.278694,0.0296356,-1,invalid,CORN>JJG>NIB
62,2456,CORN,SOYB,90,-0.311545,0.0145227,-1,,
63,2491,CORN,^VIX,90,-0.328769,0.00968177,-1,,
64,2846,CWB,YCS,90,-0.262215,0.0412043,-1,,
65,2854,CYB,BKLN,90,-0.268342,0.03653,-1,,
66,3001,CYB,UNG,90,-0.326601,0.0102012,-1,,
67,3219,DBB,CWB,90,-0.261313,0.0419321,-1,,
68,3230,DBB,EIS,90,-0.357353,0.0046945,-1,,
69,3337,DBB,SGG,90,-0.266964,0.0375409,-1,,
70,3400,DBC,DBB,90,-0.278967,0.0294697,-1,,
71,3403,DBC,ECH,90,-0.277192,0.0305623,-1,,
72,3408,DBC,EIS,90,-0.338088,0.00770131,-1,invalid,DBC>ECH>EIS
73,3436,DBC,FAN,90,-0.311109,0.0146681,-1,,
74,3457,DBC,IAI,90,-0.252714,0.0494197,-1,,
75,3471,DBC,IYG,90,-0.252285,0.0498204,-1,,
76,3475,DBC,JETS,90,-0.271124,0.0345578,-1,,
77,3487,DBC,KSA,90,-0.28329,0.0269441,-1,,
78,3510,DBC,QABA,90,-0.282082,0.0276307,-1,,
79,3515,DBC,SGG,90,-0.304203,0.0171472,-1,,
80,3546,DBC,WOOD,90,-0.285991,0.0254603,-1,,
81,3548,DBC,XLF,90,-0.289408,0.0236828,-1,,
82,3578,DBE,DBB,90,-0.285324,0.0258202,-1,,
83,3586,DBE,EIS,90,-0.293758,0.0215727,-1,,
84,3614,DBE,FAN,90,-0.276976,0.0306975,-1,invalid,DBE>KSA>FAN
85,3653,DBE,JETS,90,-0.276718,0.0308596,-1,,
86,3665,DBE,KSA,90,-0.290637,0.0230696,-1,invalid,DBE>EIS>KSA
87,3688,DBE,QABA,90,-0.266568,0.0378358,-1,,
88,3693,DBE,SGG,90,-0.297908,0.0197104,-1,,
89,3724,DBE,WOOD,90,-0.301621,0.0181616,-1,,
90,3726,DBE,XLF,90,-0.283016,0.0270985,-1,,
91,3764,ECH,EIS,90,-0.315531,0.0132483,-1,,
92,3773,ECH,EWD,90,-0.388538,0.00197241,-1,,
93,3774,ECH,EWG,90,-0.264401,0.0394832,-1,invalid,ECH>EWN>SMH>SKYY>EWG
94,3775,ECH,EWH,90,-0.305696,0.0165828,-1,,
95,3781,ECH,EWN,90,-0.261816,0.0415252,-1,invalid,ECH>SKYY>EWN
96,3785,ECH,EWS,90,-0.289633,0.0235697,-1,,
97,3792,ECH,FAN,90,-0.269872,0.0354342,-1,invalid,ECH>SKYY>FAN
98,3793,ECH,FDN,90,-0.28391,0.0265972,-1,,
99,3849,ECH,MCHI,90,-0.270039,0.0353163,-1,invalid,ECH>EWD>MCHI
100,3874,ECH,SKYY,90,-0.316967,0.0128132,-1,,
101,3881,ECH,SPY,90,-0.307088,0.0160711,-1,,
102,3898,ECH,VNQI,90,-0.252485,0.0496334,-1,,
103,3906,ECH,XLK,90,-0.324065,0.0108397,-1,invalid,ECH>EWD>XLK
104,3909,ECH,XLV,90,-0.25804,0.0446637,-1,,
105,3917,EDEN,AGND,90,-0.260735,0.0424042,-1,invalid,EDEN>EWO>AGND
106,3953,EDEN,EWH,90,-0.278229,0.0299198,-1,,
107,3960,EDEN,EWO,90,-0.252396,0.0497167,-1,,
108,3986,EDEN,GRID,90,-0.257094,0.0454803,-1,,
109,4027,EDEN,MCHI,90,-0.277151,0.0305882,-1,,
110,4055,EDEN,SMH,90,-0.402878,0.00128601,-1,,
111,4060,EDEN,TAN,90,-0.385622,0.0021467,-1,,
112,4074,EDEN,VNM,90,-0.26511,0.0389379,-1,,
113,4084,EDEN,XLK,90,-0.295515,0.0207665,-1,,
114,4095,EFNL,AGND,90,-0.326022,0.0103441,-1,invalid,EFNL>TUR>AGND
115,4123,EFNL,EPHE,90,-0.275051,0.0319255,-1,,
116,4136,EFNL,EWM,90,-0.288703,0.0240406,-1,,
117,4141,EFNL,EWS,90,-0.294853,0.0210674,-1,,
118,4149,EFNL,FDN,90,-0.334174,0.00848519,-1,,
119,4171,EFNL,ICLN,90,-0.389465,0.0019197,-1,,
120,4182,EFNL,IYC,90,-0.337131,0.00788681,-1,,
121,4230,EFNL,SKYY,90,-0.38327,0.00229714,-1,,
122,4233,EFNL,SMH,90,-0.329991,0.00939915,-1,invalid,EFNL>SKYY>SMH
123,4237,EFNL,SPY,90,-0.300322,0.018691,-1,,
124,4238,EFNL,TAN,90,-0.37026,0.00331228,-1,invalid,EFNL>ICLN>TAN
125,4243,EFNL,TUR,90,-0.277358,0.0304588,-1,,
126,4252,EFNL,VNM,90,-0.371955,0.00316076,-1,invalid,EFNL>SKYY>VNM
127,4256,EFNL,VWO,90,-0.258736,0.0440707,-1,,
128,4262,EFNL,XLK,90,-0.470039,0.000132324,-1,,
129,4266,EFNL,XLY,90,-0.427691,0.000585919,-1,,
130,4276,EIDO,BIL,90,-0.29073,0.0230239,-1,invalid,EIDO>EWP>RSX>BIL
131,4317,EIDO,EWP,90,-0.279782,0.0289784,-1,,
132,4326,EIDO,FAN,90,-0.292359,0.0222329,-1,invalid,EIDO>EWP>RSX>FAN
133,4335,EIDO,FXC,90,-0.256459,0.0460346,-1,,
134,4349,EIDO,ICLN,90,-0.299084,0.0192079,-1,invalid,EIDO>EWP>RSX>ICLN
135,4394,EIDO,PGAL,90,-0.307145,0.0160503,-1,,
136,4421,EIDO,TUR,90,-0.265093,0.0389508,-1,,
137,4527,EIRL,ICLN,90,-0.267477,0.0371622,-1,,
138,4608,EIRL,VNM,90,-0.288769,0.0240068,-1,,
139,4665,EIS,EWH,90,-0.294483,0.0212371,-1,invalid,EIS>KSA>EWH
140,4675,EIS,EWS,90,-0.255945,0.0464876,-1,,
141,4676,EIS,EWT,90,-0.258034,0.0446691,-1,,
142,4710,EIS,IGV,90,-0.253473,0.048718,-1,,
143,4733,EIS,KSA,90,-0.273733,0.0327897,-1,,
144,4807,EMB,AGND,90,-0.32085,0.0116984,-1,,
145,4906,EMB,JO,90,-0.257601,0.0450409,-1,,
146,5061,ENZL,ICLN,90,-0.262222,0.041199,-1,invalid,ENZL>TAN>ICLN
147,5128,ENZL,TAN,90,-0.327807,0.00990938,-1,,
148,5216,EPHE,FAN,90,-0.298504,0.0194543,-1,invalid,EPHE>ICLN>FAN
149,5239,EPHE,ICLN,90,-0.327617,0.00995484,-1,,
150,5262,EPHE,JO,90,-0.338158,0.00768788,-1,,
151,5267,EPHE,KSA,90,-0.273197,0.0331467,-1,,
152,5484,EPOL,TAN,90,-0.275995,0.0313181,-1,,
153,5522,EPP,BIL,90,-0.308563,0.0155436,-1,invalid,EPP>FUE>CWB>YCS>EIDO>BIL
154,5572,EPP,FAN,90,-0.272117,0.0338755,-1,,
155,5578,EPP,FUE,90,-0.320686,0.0117436,-1,,
156,5641,EPP,PHO,90,-0.255368,0.0470003,-1,,
157,5645,EPP,PZD,90,-0.253,0.0491549,-1,,
158,5657,EPP,SMH,90,-0.275865,0.0314016,-1,,
159,5676,EPP,VNM,90,-0.325667,0.0104324,-1,invalid,EPP>SMH>SKYY>VNM
160,5722,EPU,EIS,90,-0.344577,0.00654034,-1,,
161,5741,EPU,EWP,90,-0.320195,0.0118803,-1,,
162,5750,EPU,FAN,90,-0.25499,0.0473391,-1,invalid,EPU>EWP>RSX>FAN
163,5771,EPU,IAI,90,-0.274597,0.0322208,-1,,
164,5797,EPU,KBE,90,-0.283302,0.0269373,-1,,
165,5800,EPU,KRE,90,-0.279579,0.0291001,-1,,
166,5824,EPU,QABA,90,-0.274443,0.0323219,-1,,
167,5854,EPU,VNM,90,-0.29176,0.0225212,-1,,
168,5886,EWA,CIBR,90,-0.310504,0.0148724,-1,,
169,5928,EWA,FAN,90,-0.31311,0.0140103,-1,,
170,5929,EWA,FDN,90,-0.287464,0.0246806,-1,invalid,EWA>FUE>FDN
171,5934,EWA,FUE,90,-0.423965,0.000661885,-1,,
172,5951,EWA,ICLN,90,-0.279937,0.0288863,-1,invalid,EWA>FUE>ICLN
173,5955,EWA,IGN,90,-0.27013,0.035252,-1,,
174,5961,EWA,ITB,90,-0.257971,0.0447229,-1,,
175,5997,EWA,PHO,90,-0.265998,0.0382631,-1,,
176,6001,EWA,PZD,90,-0.335579,0.00819616,-1,,
177,6013,EWA,SMH,90,-0.301577,0.0181796,-1,,
178,6032,EWA,VNM,90,-0.271604,0.0342266,-1,invalid,EWA>IGN>PBJ>EWJ>VNM
179,6141,EWC,IYG,90,-0.288934,0.0239231,-1,,
180,6153,EWC,KBE,90,-0.276932,0.0307251,-1,,
181,6156,EWC,KRE,90,-0.260631,0.0424901,-1,,
182,6180,EWC,QABA,90,-0.261215,0.0420119,-1,,
183,6208,EWC,UUP,90,-0.312521,0.0142011,-1,invalid,EWC>QABA>EWH>UUP
184,6210,EWC,VNM,90,-0.261145,0.0420692,-1,,
185,6218,EWC,XLF,90,-0.324249,0.0107922,-1,,
186,6267,EWD,EWH,90,-0.299162,0.0191752,-1,invalid,EWD>ICLN>EWH
187,6285,EWD,FDN,90,-0.258716,0.0440884,-1,,
188,6307,EWD,ICLN,90,-0.296525,0.0203151,-1,invalid,EWD>TAN>ICLN
189,6341,EWD,MCHI,90,-0.303641,0.0173637,-1,,
190,6366,EWD,SKYY,90,-0.35184,0.00542546,-1,invalid,EWD>SMH>SKYY
191,6369,EWD,SMH,90,-0.3269,0.0101283,-1,,
192,6374,EWD,TAN,90,-0.305724,0.0165724,-1,,
193,6388,EWD,VNM,90,-0.340816,0.007193,-1,,
194,6390,EWD,VNQI,90,-0.263662,0.0400581,-1,invalid,EWD>SMH>SKYY>VNQI
195,6398,EWD,XLK,90,-0.317624,0.0126184,-1,,
196,6406,EWD,YCS,90,-0.292471,0.0221795,-1,invalid,EWD>FDN>YCS
197,6482,EWG,HYG,90,-0.262166,0.0412438,-1,invalid,EWG>IYK>HYG
198,6498,EWG,IYK,90,-0.267833,0.0369005,-1,,
199,6529,EWG,PEJ,90,-0.253836,0.0483849,-1,invalid,EWG>TAN>PEJ
200,6547,EWG,SMH,90,-0.369971,0.00333877,-1,,
201,6552,EWG,TAN,90,-0.354365,0.00507913,-1,invalid,EWG>IYK>EWJ>FUE>TAN
202,6566,EWG,VNM,90,-0.343107,0.00678902,-1,,
203,6576,EWG,XLK,90,-0.252095,0.0499993,-1,invalid,EWG>IYK>EWJ>FUE>XLK
204,6584,EWG,YCS,90,-0.361462,0.00420756,-1,,
205,6590,EWH,BIL,90,-0.255457,0.0469214,-1,invalid,EWH>YCS>EIDO>BIL
206,6742,EWH,UUP,90,-0.33405,0.0085112,-1,,
207,6762,EWH,YCS,90,-0.306621,0.0162413,-1,,
208,6770,EWI,BKLN,90,-0.260751,0.0423914,-1,,
209,6801,EWI,EWH,90,-0.263249,0.0403822,-1,,
210,6875,EWI,MCHI,90,-0.254429,0.0478449,-1,,
211,6885,EWI,PEJ,90,-0.28936,0.0237069,-1,,
212,6900,EWI,SKYY,90,-0.259167,0.0437077,-1,,
213,6922,EWI,VNM,90,-0.304558,0.0170116,-1,,
214,7002,EWJ,FUE,90,-0.262914,0.0406472,-1,,
215,7040,EWJ,JJT,90,-0.274225,0.032465,-1,,
216,7081,EWJ,SMH,90,-0.32088,0.01169,-1,,
217,7100,EWJ,VNM,90,-0.296292,0.0204185,-1,,
218,7264,EWK,TAN,90,-0.271038,0.0346175,-1,,
219,7278,EWK,VNM,90,-0.284601,0.0262151,-1,,
220,7311,EWL,CORN,90,-0.260037,0.0429807,-1,,
221,7480,EWM,BIL,90,-0.268047,0.0367445,-1,invalid,EWM>YCS>EIDO>BIL
222,7528,EWM,EWZ,90,-0.258884,0.0439459,-1,,
223,7632,EWM,UUP,90,-0.298133,0.0196133,-1,,
224,7652,EWM,YCS,90,-0.301829,0.018078,-1,,
225,7793,EWN,SMH,90,-0.277311,0.0304879,-1,,
226,7830,EWN,YCS,90,-0.280518,0.0285414,-1,,
227,7833,EWO,AGND,90,-0.292212,0.0223037,-1,,
228,7838,EWO,BKLN,90,-0.34428,0.00658988,-1,,
229,7888,EWO,FLM,90,-0.308043,0.0157281,-1,,
230,7906,EWO,HYG,90,-0.261057,0.0421412,-1,,
231,7909,EWO,ICLN,90,-0.311209,0.0146347,-1,invalid,EWO>BKLN>BNO>DBB>CWB>YCS>EIDO>ICLN
232,7925,EWO,JETS,90,-0.275151,0.0318606,-1,,
233,7943,EWO,MCHI,90,-0.337244,0.00786483,-1,,
234,7963,EWO,RSX,90,-0.320897,0.0116852,-1,,
235,7971,EWO,SMH,90,-0.282254,0.0275321,-1,invalid,EWO>RSX>SMH
236,7976,EWO,TAN,90,-0.312714,0.0141383,-1,,
237,7994,EWO,VWO,90,-0.321023,0.0116506,-1,,
238,8141,EWP,RSX,90,-0.261151,0.0420642,-1,,
239,8225,EWQ,EWH,90,-0.337616,0.0077924,-1,invalid,EWQ>ICLN>EWH
240,8265,EWQ,ICLN,90,-0.292766,0.022039,-1,,
241,8327,EWQ,SMH,90,-0.360162,0.00435658,-1,,
242,8332,EWQ,TAN,90,-0.397627,0.00150733,-1,,
243,8346,EWQ,VNM,90,-0.268469,0.0364382,-1,invalid,EWQ>TAN>VNM
244,8364,EWQ,YCS,90,-0.255698,0.0467072,-1,,
245,8370,EWS,BIL,90,-0.30009,0.018787,-1,invalid,EWS>YCS>EIDO>BIL
246,8542,EWS,YCS,90,-0.345018,0.00646739,-1,,
247,8720,EWT,YCS,90,-0.299769,0.0189205,-1,,
248,8799,EWU,ICLN,90,-0.350954,0.00555184,-1,invalid,EWU>TAN>ICLN
249,8866,EWU,TAN,90,-0.286585,0.0251438,-1,,
250,8954,EWW,FAN,90,-0.293137,0.0218639,-1,invalid,EWW>ICLN>FAN
251,8977,EWW,ICLN,90,-0.271686,0.0341707,-1,,
252,8994,EWW,JJC,90,-0.265451,0.0386778,-1,,
253,8996,EWW,JJN,90,-0.269698,0.0355574,-1,,
254,9004,EWW,KRE,90,-0.256159,0.046299,-1,invalid,EWW>XLY>KRE
255,9028,EWW,QABA,90,-0.280092,0.028794,-1,,
256,9056,EWW,UUP,90,-0.260546,0.0425601,-1,invalid,EWW>QABA>EWH>UUP
257,9072,EWW,XLY,90,-0.254423,0.0478508,-1,,
258,9082,EWY,BIL,90,-0.2537,0.0485099,-1,invalid,EWY>IYK>EWJ>FUE>CWB>YCS>EIDO>BIL
259,9168,EWY,IYK,90,-0.276241,0.0311617,-1,,
260,9254,EWY,YCS,90,-0.281515,0.0279578,-1,invalid,EWY>IYK>EWJ>FUE>CWB>YCS
261,9257,EWZ,AGND,90,-0.28563,0.0256545,-1,invalid,EWZ>TUR>AGND
262,9282,EWZ,EIS,90,-0.272961,0.033305,-1,,
263,9310,EWZ,FAN,90,-0.281464,0.0279875,-1,invalid,EWZ>ICLN>FAN
264,9333,EWZ,ICLN,90,-0.315807,0.0131635,-1,,
265,9357,EWZ,KBE,90,-0.268896,0.03613,-1,,
266,9360,EWZ,KRE,90,-0.266101,0.0381858,-1,,
267,9384,EWZ,QABA,90,-0.296464,0.020342,-1,invalid,EWZ>TUR>QABA
268,9405,EWZ,TUR,90,-0.261927,0.0414357,-1,,
269,9435,EZA,AGND,90,-0.278667,0.0296518,-1,,
270,9460,EZA,EIS,90,-0.27351,0.0329376,-1,,
271,9469,EZA,EWD,90,-0.29181,0.0224969,-1,,
272,9488,EZA,FAN,90,-0.381847,0.00239273,-1,,
273,9511,EZA,ICLN,90,-0.331427,0.00907623,-1,invalid,EZA>YCS>EIDO>ICLN
274,9526,EZA,IYT,90,-0.282458,0.0274155,-1,,
275,9539,EZA,KSA,90,-0.375262,0.00288256,-1,invalid,EZA>EIS>KSA
276,9561,EZA,PZD,90,-0.294863,0.0210627,-1,,
277,9562,EZA,QABA,90,-0.265562,0.0385935,-1,,
278,9610,EZA,YCS,90,-0.276427,0.0310436,-1,,
279,9794,FDN,BIL,90,-0.26122,0.0420079,-1,invalid,FDN>IYK>EWJ>FUE>CWB>YCS>EIDO>BIL
280,9880,FDN,IYK,90,-0.282615,0.0273257,-1,,
281,9909,FDN,PBJ,90,-0.261104,0.0421028,-1,,
282,9946,FDN,UUP,90,-0.27265,0.0335146,-1,,
283,9959,FDN,XLP,90,-0.338914,0.00754417,-1,,
284,9966,FDN,YCS,90,-0.436671,0.000434248,-1,,
285,10212,FLOT,GDX,90,-0.336297,0.00805181,-1,invalid,FLOT>GLD>GDX
286,10213,FLOT,GLD,90,-0.323721,0.0109287,-1,,
287,10214,FLOT,GLTR,90,-0.3442,0.00660346,-1,invalid,FLOT>GLD>GLTR
288,10264,FLOT,PALL,90,-0.260649,0.0424752,-1,,
289,10271,FLOT,PPLT,90,-0.277468,0.0303899,-1,invalid,FLOT>^VIX>PPLT
290,10281,FLOT,SIL,90,-0.295623,0.020718,-1,,
291,10283,FLOT,SLV,90,-0.275855,0.031408,-1,invalid,FLOT>GLD>SLV
292,10323,FLOT,^VIX,90,-0.285112,0.0259356,-1,,
293,10477,FM,UNG,90,-0.263298,0.0403441,-1,,
294,10594,FUD,IYT,90,-0.294372,0.0212882,-1,,
295,10695,FUE,CWB,90,-0.271821,0.0340779,-1,,
296,10710,FUE,EPOL,90,-0.313818,0.0137837,-1,,
297,10735,FUE,FDN,90,-0.340856,0.00718581,-1,,
298,10749,FUE,GREK,90,-0.365934,0.0037289,-1,,
299,10757,FUE,ICLN,90,-0.30955,0.0151993,-1,invalid,FUE>EPOL>TAN>ICLN
300,10783,FUE,KOL,90,-0.291551,0.0226224,-1,,
301,10788,FUE,LIT,90,-0.346822,0.0061761,-1,invalid,FUE>GREK>LIT
302,10791,FUE,MCHI,90,-0.429505,0.00055189,-1,,
303,10820,FUE,SOCL,90,-0.322517,0.0112458,-1,,
304,10824,FUE,TAN,90,-0.442343,0.000357852,-1,,
305,10825,FUE,TAO,90,-0.438332,0.000410472,-1,invalid,FUE>XLK>TAO
306,10840,FUE,VNQI,90,-0.345367,0.00641012,-1,,
307,10842,FUE,VWO,90,-0.352581,0.00532172,-1,,
308,10848,FUE,XLK,90,-0.284263,0.0264011,-1,,
309,10870,FXA,CIBR,90,-0.274971,0.0319775,-1,invalid,FXA>SLV>CIBR
310,10912,FXA,FAN,90,-0.303303,0.017495,-1,,
311,10913,FXA,FDN,90,-0.294005,0.0214576,-1,invalid,FXA>FUE>FDN
312,10918,FXA,FUE,90,-0.386392,0.00209937,-1,,
313,10935,FXA,ICLN,90,-0.438996,0.000401294,-1,invalid,FXA>FUE>ICLN
314,10940,FXA,IGV,90,-0.271027,0.0346252,-1,,
315,10945,FXA,ITB,90,-0.263715,0.0400163,-1,invalid,FXA>SLV>ITB
316,10985,FXA,PZD,90,-0.295232,0.0208949,-1,,
317,10995,FXA,SLV,90,-0.254525,0.0477584,-1,,
318,10997,FXA,SMH,90,-0.330018,0.0093928,-1,,
319,10998,FXA,SOCL,90,-0.294224,0.0213564,-1,invalid,FXA>FUE>SOCL
320,11002,FXA,TAN,90,-0.378048,0.00266538,-1,,
321,11016,FXA,VNM,90,-0.281949,0.027707,-1,invalid,FXA>IGV>EWG>VNM
322,11095,FXB,FUD,90,-0.353686,0.00517032,-1,,
323,11102,FXB,GDX,90,-0.379549,0.00255453,-1,,
324,11103,FXB,GLD,90,-0.256481,0.046015,-1,,
325,11171,FXB,SIL,90,-0.290965,0.022908,-1,,
326,11215,FXC,AGND,90,-0.344152,0.0066115,-1,,
327,11270,FXC,FLM,90,-0.265857,0.0383701,-1,,
328,11303,FXC,IYG,90,-0.277839,0.0301603,-1,,
329,11315,FXC,KBE,90,-0.252219,0.0498825,-1,,
330,11370,FXC,UUP,90,-0.257868,0.0448116,-1,invalid,FXC>XLF>EWH>UUP
331,11378,FXC,WOOD,90,-0.271271,0.0344562,-1,,
332,11380,FXC,XLF,90,-0.297302,0.0199734,-1,,
333,11398,FXE,BKLN,90,-0.419275,0.000770131,-1,,
334,11413,FXE,ECH,90,-0.351357,0.00549414,-1,,
335,11421,FXE,EPHE,90,-0.256735,0.0457932,-1,,
336,11426,FXE,EWC,90,-0.345549,0.00638039,-1,,
337,11427,FXE,EWD,90,-0.252833,0.0493097,-1,invalid,FXE>ECH>EWD
338,11469,FXE,ICLN,90,-0.343897,0.00665436,-1,,
339,11487,FXE,JJG,90,-0.253093,0.0490689,-1,,
340,11501,FXE,LQD,90,-0.268233,0.0366092,-1,,
341,11508,FXE,NORW,90,-0.304833,0.016907,-1,,
342,11523,FXE,RSX,90,-0.321832,0.0114298,-1,,
343,11527,FXE,SIL,90,-0.291077,0.0228536,-1,,
344,11536,FXE,TAN,90,-0.334329,0.008453,-1,,
345,11554,FXE,VWO,90,-0.274183,0.0324924,-1,invalid,FXE>WOOD>IYK>EWJ>FUE>VWO
346,11555,FXE,WEAT,90,-0.324274,0.0107858,-1,,
347,11556,FXE,WOOD,90,-0.286148,0.0253763,-1,,
348,11560,FXE,XLK,90,-0.272189,0.0338268,-1,,
349,11570,FXF,AGG,90,-0.316361,0.0129952,-1,,
350,11591,FXF,ECH,90,-0.397774,0.00150071,-1,,
351,11597,FXF,EMB,90,-0.27242,0.0336698,-1,,
352,11636,FXF,GDX,90,-0.427212,0.000595226,-1,,
353,11637,FXF,GLD,90,-0.434582,0.000465939,-1,invalid,FXF>TLT>GLD
354,11638,FXF,GLTR,90,-0.437322,0.000424777,-1,,
355,11648,FXF,IEF,90,-0.289418,0.0236777,-1,,
356,11649,FXF,IEI,90,-0.337709,0.00777422,-1,,
357,11665,FXF,JJG,90,-0.372735,0.00309305,-1,,
358,11670,FXF,JO,90,-0.262949,0.0406197,-1,,
359,11679,FXF,LQD,90,-0.373964,0.00298908,-1,invalid,FXF>IEI>LQD
360,11686,FXF,NORW,90,-0.323351,0.0110254,-1,,
361,11695,FXF,PPLT,90,-0.276158,0.0312145,-1,invalid,FXF>WEAT>PPLT
362,11705,FXF,SIL,90,-0.410891,0.00100422,-1,,
363,11707,FXF,SLV,90,-0.460565,0.000187753,-1,invalid,FXF>IEI>SLV
364,11712,FXF,SOYB,90,-0.276157,0.0312152,-1,,
365,11717,FXF,TIP,90,-0.257479,0.045146,-1,,
366,11718,FXF,TLT,90,-0.290449,0.0231626,-1,,
367,11727,FXF,VCSH,90,-0.337672,0.00778155,-1,invalid,FXF>IEI>VCSH
368,11733,FXF,WEAT,90,-0.351349,0.00549521,-1,,
369,11749,GDX,AGND,90,-0.289705,0.0235333,-1,,
370,11769,GDX,ECH,90,-0.308437,0.0155883,-1,,
371,11783,GDX,EWD,90,-0.263172,0.0404433,-1,invalid,GDX>ECH>EWD
372,11803,GDX,FDN,90,-0.312963,0.0140576,-1,,
373,11825,GDX,ICLN,90,-0.343462,0.00672814,-1,invalid,GDX>SIL>ICLN
374,11830,GDX,IGV,90,-0.272194,0.0338237,-1,,
375,11864,GDX,NORW,90,-0.25591,0.0465187,-1,,
376,11883,GDX,SIL,90,-0.260998,0.0421887,-1,,
377,11892,GDX,TAN,90,-0.2651,0.0389449,-1,invalid,GDX>IGV>EWG>TAN
378,11947,GLD,ECH,90,-0.424651,0.000647254,-1,invalid,GLD>GDX>ECH
379,11961,GLD,EWD,90,-0.308355,0.0156173,-1,,
380,11980,GLD,FAN,90,-0.263712,0.0400191,-1,invalid,GLD>GLTR>FAN
381,11981,GLD,FDN,90,-0.276046,0.0312858,-1,,
382,11992,GLD,GDX,90,-0.327381,0.0100116,-1,,
383,11994,GLD,GLTR,90,-0.259282,0.0436109,-1,,
384,12003,GLD,ICLN,90,-0.307249,0.0160128,-1,invalid,GLD>EWD>ICLN
385,12042,GLD,NORW,90,-0.279219,0.029317,-1,,
386,12061,GLD,SIL,90,-0.378589,0.00262495,-1,invalid,GLD>GLTR>SIL
387,12063,GLD,SLV,90,-0.307973,0.0157528,-1,,
388,12116,GLTR,CIBR,90,-0.315693,0.0131986,-1,invalid,GLTR>NORW>CIBR
389,12119,GLTR,CWB,90,-0.284566,0.0262343,-1,,
390,12125,GLTR,ECH,90,-0.425013,0.000639664,-1,invalid,GLTR>SIL>ECH
391,12130,GLTR,EIS,90,-0.292018,0.0223965,-1,,
392,12139,GLTR,EWD,90,-0.331092,0.00915071,-1,invalid,GLTR>SIL>ECH>EWD
393,12154,GLTR,EWW,90,-0.291587,0.0226048,-1,,
394,12158,GLTR,FAN,90,-0.346629,0.00620664,-1,invalid,GLTR>CWB>YCS>EIDO>FAN
395,12159,GLTR,FDN,90,-0.335287,0.00825545,-1,,
396,12181,GLTR,ICLN,90,-0.36089,0.0042726,-1,invalid,GLTR>CWB>YCS>EIDO>ICLN
397,12185,GLTR,IGN,90,-0.33168,0.00902029,-1,,
398,12191,GLTR,ITB,90,-0.294955,0.0210206,-1,,
399,12220,GLTR,NORW,90,-0.284095,0.0264945,-1,,
400,12228,GLTR,PJP,90,-0.255092,0.0472474,-1,,
401,12239,GLTR,SIL,90,-0.333313,0.00866679,-1,,
402,12244,GLTR,SOCL,90,-0.275433,0.0316785,-1,invalid,GLTR>IGN>PBJ>EWJ>FUE>SOCL
403,12275,GLTR,XLV,90,-0.258771,0.0440411,-1,,
404,12283,GREK,AGND,90,-0.255987,0.0464507,-1,,
405,12369,GREK,ITB,90,-0.302043,0.0179926,-1,,
406,12387,GREK,KSA,90,-0.340614,0.0072295,-1,,
407,12390,GREK,LIT,90,-0.256496,0.046002,-1,,
408,12618,GRID,VNM,90,-0.25967,0.0432856,-1,,
409,12636,GRID,YCS,90,-0.307601,0.015886,-1,,
410,12641,GRN,BAL,90,-0.262882,0.0406723,-1,,
411,12733,GRN,JJG,90,-0.305537,0.0166422,-1,,
412,12780,GRN,SOYB,90,-0.438112,0.00041355,-1,,
413,12837,GXG,ECH,90,-0.284093,0.0264952,-1,,
414,12870,GXG,FAN,90,-0.294051,0.0214363,-1,,
415,12876,GXG,FUE,90,-0.259283,0.0436101,-1,,
416,12893,GXG,ICLN,90,-0.271446,0.0343357,-1,,
417,13012,HYD,DBB,90,-0.29962,0.0189829,-1,invalid,HYD>JO>DBB
418,13093,HYD,JJU,90,-0.297413,0.0199249,-1,,
419,13094,HYD,JO,90,-0.296068,0.0205185,-1,,
420,13095,HYD,KBE,90,-0.266106,0.0381824,-1,,
421,13098,HYD,KRE,90,-0.27494,0.0319977,-1,,
422,13106,HYD,MINT,90,-0.363414,0.00399228,-1,,
423,13119,HYD,PPLT,90,-0.256761,0.0457699,-1,,
424,13122,HYD,QABA,90,-0.270952,0.0346772,-1,,
425,13710,ICLN,BIL,90,-0.343815,0.00666832,-1,invalid,ICLN>EWH>BIL
426,13743,ICLN,EWH,90,-0.258763,0.0440482,-1,,
427,13760,ICLN,FAN,90,-0.300204,0.0187399,-1,,
428,13764,ICLN,FM,90,-0.276464,0.0310201,-1,,
429,13798,ICLN,IYT,90,-0.307132,0.0160552,-1,invalid,ICLN>TAN>IYT
430,13850,ICLN,TAN,90,-0.255177,0.0471716,-1,,
431,13950,IEF,GDX,90,-0.282718,0.0272672,-1,,
432,13996,IEF,MINT,90,-0.322986,0.0111215,-1,,
433,14019,IEF,SIL,90,-0.297579,0.0198527,-1,invalid,IEF>SLV>SIL
434,14021,IEF,SLV,90,-0.298309,0.0195378,-1,,
435,14128,IEI,GDX,90,-0.266159,0.0381423,-1,invalid,IEI>VCSH>GDX
436,14171,IEI,LQD,90,-0.290617,0.0230796,-1,,
437,14174,IEI,MINT,90,-0.392832,0.0017387,-1,invalid,IEI>LQD>MINT
438,14197,IEI,SIL,90,-0.293529,0.0216797,-1,,
439,14199,IEI,SLV,90,-0.26652,0.0378716,-1,invalid,IEI>LQD>SLV
440,14219,IEI,VCSH,90,-0.268841,0.0361695,-1,,
441,14379,IGF,SMH,90,-0.256558,0.0459475,-1,,
442,14537,IGN,PBJ,90,-0.285442,0.0257561,-1,invalid,IGN>XLK>PBJ
443,14586,IGN,XLK,90,-0.255312,0.0470509,-1,,
444,14594,IGN,YCS,90,-0.301984,0.018016,-1,invalid,IGN>XLK>YCS
445,14632,IGV,EWG,90,-0.258409,0.0443487,-1,invalid,IGV>SMH>SKYY>EWG
446,14682,IGV,ITA,90,-0.260431,0.0426546,-1,,
447,14688,IGV,IYT,90,-0.278069,0.0300183,-1,invalid,IGV>SMH>SKYY>IYT
448,14735,IGV,SMH,90,-0.277127,0.0306031,-1,,
449,14756,IGV,VNQI,90,-0.274863,0.0320473,-1,invalid,IGV>SMH>SKYY>VNQI
450,14763,IGV,XLI,90,-0.252855,0.0492894,-1,,
451,14765,IGV,XLP,90,-0.303256,0.0175136,-1,invalid,IGV>SMH>SKYY>XLP
452,14772,IGV,YCS,90,-0.285731,0.0256,-1,,
453,15131,INDA,AGND,90,-0.342637,0.00687025,-1,,
454,15217,INDA,ITB,90,-0.312249,0.0142901,-1,,
455,15220,INDA,IYK,90,-0.256746,0.0457834,-1,invalid,INDA>IYT>IYK
456,15222,INDA,IYT,90,-0.32327,0.0110468,-1,,
457,15223,INDA,JETS,90,-0.263922,0.0398553,-1,,
458,15379,ITA,GRN,90,-0.290229,0.0232716,-1,,
459,15399,ITA,IYR,90,-0.309962,0.0150574,-1,,
460,15466,ITA,VNM,90,-0.306601,0.0162485,-1,,
461,15467,ITA,VNQ,90,-0.301631,0.0181576,-1,,
462,15556,ITB,GRID,90,-0.259338,0.0435634,-1,invalid,ITB>VNM>GRID
463,15644,ITB,VNM,90,-0.260334,0.0427342,-1,,
464,15668,IYC,BIL,90,-0.33104,0.00916233,-1,invalid,IYC>EIDO>BIL
465,15688,IYC,EIDO,90,-0.310019,0.0150379,-1,,
466,15695,IYC,EPP,90,-0.26519,0.0388765,-1,invalid,IYC>IYG>EPP
467,15701,IYC,EWH,90,-0.326792,0.0101545,-1,,
468,15703,IYC,EWJ,90,-0.366773,0.00364466,-1,invalid,IYC>PBJ>EWJ
469,15715,IYC,EWY,90,-0.332955,0.00874318,-1,,
470,15718,IYC,FAN,90,-0.265604,0.0385615,-1,invalid,IYC>EIDO>FAN
471,15753,IYC,IYG,90,-0.295686,0.0206895,-1,,
472,15756,IYC,IYT,90,-0.258818,0.0440015,-1,invalid,IYC>SKYY>IYT
473,15765,IYC,KBE,90,-0.296928,0.020137,-1,,
474,15766,IYC,KIE,90,-0.310018,0.015038,-1,,
475,15768,IYC,KRE,90,-0.284206,0.026433,-1,,
476,15777,IYC,MOO,90,-0.263154,0.0404572,-1,,
477,15783,IYC,PBJ,90,-0.254897,0.0474229,-1,,
478,15792,IYC,QABA,90,-0.334273,0.00846467,-1,,
479,15793,IYC,QAT,90,-0.258576,0.0442066,-1,,
480,15800,IYC,SKYY,90,-0.27699,0.0306888,-1,invalid,IYC>SMH>SKYY
481,15803,IYC,SMH,90,-0.277104,0.0306173,-1,,
482,15807,IYC,SPY,90,-0.326172,0.0103069,-1,,
483,15809,IYC,TAO,90,-0.254223,0.0480319,-1,,
484,15820,IYC,UUP,90,-0.252589,0.0495369,-1,invalid,IYC>EWH>UUP
485,15824,IYC,VNQI,90,-0.287386,0.0247214,-1,,
486,15828,IYC,WOOD,90,-0.253803,0.0484152,-1,,
487,15830,IYC,XLF,90,-0.299371,0.0190871,-1,,
488,15831,IYC,XLI,90,-0.268006,0.0367743,-1,invalid,IYC>SMH>SKYY>XLI
489,15832,IYC,XLK,90,-0.310587,0.0148443,-1,,
490,15840,IYC,YCS,90,-0.346878,0.00616718,-1,invalid,IYC>EWH>YCS
491,15873,IYG,EPP,90,-0.278425,0.0297996,-1,,
492,15879,IYG,EWH,90,-0.349444,0.00577333,-1,,
493,15884,IYG,EWM,90,-0.26008,0.0429447,-1,invalid,IYG>IYK>EWJ>FUE>CWB>YCS>EWM
494,15932,IYG,IYK,90,-0.332055,0.00893806,-1,,
495,16002,IYG,VNQI,90,-0.312348,0.0142577,-1,invalid,IYG>IYK>EWJ>FUE>VNQI
496,16011,IYG,XLP,90,-0.314418,0.013594,-1,,
497,16059,IYK,EWJ,90,-0.288998,0.0238905,-1,invalid,IYK>SMH>SKYY>EWJ
498,16076,IYK,FLM,90,-0.323523,0.0109804,-1,,
499,16094,IYK,HYG,90,-0.285686,0.0256244,-1,invalid,IYK>SMH>SKYY>BJK>GRID>VNM>HYG
500,16143,IYK,PHO,90,-0.267066,0.0374655,-1,,
501,16159,IYK,SMH,90,-0.268411,0.0364798,-1,,
502,16187,IYK,XLI,90,-0.306654,0.0162291,-1,,
503,16199,IYR,AGND,90,-0.432816,0.000494353,-1,,
504,16272,IYR,HYG,90,-0.320206,0.0118772,-1,,
505,16290,IYR,IYT,90,-0.267004,0.0375112,-1,,
506,16325,IYR,PZD,90,-0.267465,0.0371706,-1,,
507,16354,IYR,UUP,90,-0.25893,0.0439071,-1,,
508,16413,IYT,EWH,90,-0.309483,0.0152224,-1,invalid,IYT>XLP>EDEN>EWH
509,16466,IYT,IYK,90,-0.316997,0.0128042,-1,,
510,16532,IYT,UUP,90,-0.32868,0.00970267,-1,,
511,16545,IYT,XLP,90,-0.313323,0.0139418,-1,,
512,16552,IYT,YCS,90,-0.337644,0.00778685,-1,invalid,IYT>IYK>EWJ>FUE>CWB>YCS
513,16558,JETS,BIL,90,-0.278776,0.0295852,-1,invalid,JETS>EWP>RSX>BIL
514,16599,JETS,EWP,90,-0.253473,0.0487181,-1,,
515,16722,JETS,XLK,90,-0.264107,0.0397113,-1,,
516,16734,JJC,ARGT,90,-0.254626,0.0476674,-1,,
517,16747,JJC,CWB,90,-0.348975,0.00584359,-1,,
518,16750,JJC,DBB,90,-0.296044,0.0205291,-1,invalid,JJC>JJT>CYB>BKLN>BNO>DBB
519,16758,JJC,EIS,90,-0.313371,0.0139264,-1,,
520,16807,JJC,IAI,90,-0.31348,0.0138913,-1,invalid,JJC>JJT>CYB>BKLN>BNO>IAI
521,16821,JJC,IYG,90,-0.274254,0.0324455,-1,,
522,16830,JJC,JJT,90,-0.335875,0.0081364,-1,,
523,16834,JJC,KIE,90,-0.25913,0.0437388,-1,,
524,16840,JJC,LIT,90,-0.293636,0.0216293,-1,,
525,16865,JJC,SGG,90,-0.254737,0.0475671,-1,,
526,16898,JJC,XLF,90,-0.256586,0.0459236,-1,,
527,17024,JJG,NIB,90,-0.323968,0.0108647,-1,,
528,17090,JJN,ARGT,90,-0.267787,0.0369341,-1,,
529,17114,JJN,EIS,90,-0.355941,0.00487294,-1,,
530,17267,JJS,AGND,90,-0.434774,0.000462935,-1,invalid,JJS>VCSH>GDX>AGND
531,17423,JJS,VCSH,90,-0.25465,0.0476457,-1,,
532,17460,JJT,CYB,90,-0.277496,0.0303728,-1,,
533,17503,JJT,FUD,90,-0.30615,0.0164143,-1,,
534,17709,JJU,ITB,90,-0.353522,0.00519258,-1,,
535,17718,JJU,JJN,90,-0.295436,0.0208024,-1,,
536,17818,JO,DBB,90,-0.293762,0.0215708,-1,invalid,JO>JJC>DBB
537,17828,JO,ENZL,90,-0.302175,0.01794,-1,,
538,17850,JO,EWW,90,-0.274512,0.0322764,-1,invalid,JO>KOL>EWW
539,17852,JO,EWZ,90,-0.273929,0.0326601,-1,,
540,17861,JO,FXA,90,-0.321427,0.0115399,-1,,
541,17894,JO,JJC,90,-0.262088,0.0413058,-1,,
542,17899,JO,JJU,90,-0.298758,0.019346,-1,,
543,17903,JO,KOL,90,-0.306614,0.0162437,-1,,
544,17935,JO,SIL,90,-0.264599,0.0393303,-1,,
545,17938,JO,SLX,90,-0.270954,0.0346759,-1,,
546,17949,JO,TUR,90,-0.392262,0.00176823,-1,invalid,JO>EWZ>TUR
547,17973,JO,XME,90,-0.302817,0.0176854,-1,,
548,18002,KBE,EIDO,90,-0.275543,0.0316081,-1,invalid,KBE>IYK>EWJ>FUE>CWB>YCS>EIDO
549,18009,KBE,EPP,90,-0.267382,0.0372319,-1,,
550,18015,KBE,EWH,90,-0.321372,0.0115549,-1,invalid,KBE>GXG>ECH>EWH
551,18020,KBE,EWM,90,-0.254438,0.0478374,-1,,
552,18050,KBE,GXG,90,-0.286594,0.0251386,-1,,
553,18068,KBE,IYK,90,-0.312057,0.0143532,-1,,
554,18138,KBE,VNQI,90,-0.334996,0.00831507,-1,invalid,KBE>IYK>EWJ>FUE>VNQI
555,18147,KBE,XLP,90,-0.316745,0.0128798,-1,,
556,18169,KIE,CORN,90,-0.26263,0.0408726,-1,,
557,18213,KIE,FLOT,90,-0.473219,0.00011739,-1,,
558,18221,KIE,FXF,90,-0.254937,0.0473873,-1,,
559,18360,KOL,EIS,90,-0.253916,0.0483124,-1,invalid,KOL>THD>BNO>DBB>EIS
560,18368,KOL,EWC,90,-0.27783,0.0301654,-1,,
561,18376,KOL,EWM,90,-0.334376,0.00844307,-1,invalid,KOL>EWC>IYG>EWM
562,18384,KOL,EWW,90,-0.277927,0.0301059,-1,,
563,18385,KOL,EWY,90,-0.295869,0.0206073,-1,invalid,KOL>RSX>EWY
564,18390,KOL,FLM,90,-0.260961,0.0422197,-1,,
565,18404,KOL,GRID,90,-0.310316,0.0149364,-1,invalid,KOL>SMH>SKYY>BJK>GRID
566,18408,KOL,HYG,90,-0.352078,0.00539194,-1,,
567,18411,KOL,ICLN,90,-0.286449,0.0252159,-1,invalid,KOL>EWW>ICLN
568,18447,KOL,MOO,90,-0.336929,0.0079266,-1,,
569,18465,KOL,RSX,90,-0.27845,0.0297842,-1,,
570,18473,KOL,SMH,90,-0.328519,0.00974039,-1,,
571,18477,KOL,SPY,90,-0.29675,0.0202157,-1,invalid,KOL>THD>SPY
572,18480,KOL,THD,90,-0.318473,0.0123704,-1,,
573,18492,KOL,VNM,90,-0.353403,0.00520879,-1,invalid,KOL>EWC>VNM
574,18502,KOL,XLK,90,-0.285209,0.0258828,-1,,
575,18536,KRE,EIDO,90,-0.277902,0.0301209,-1,invalid,KRE>IYK>EWJ>FUE>CWB>YCS>EIDO
576,18543,KRE,EPP,90,-0.259132,0.0437364,-1,,
577,18549,KRE,EWH,90,-0.315688,0.0132001,-1,invalid,KRE>GXG>ECH>EWH
578,18584,KRE,GXG,90,-0.287977,0.0244142,-1,,
579,18602,KRE,IYK,90,-0.306227,0.0163859,-1,,
580,18672,KRE,VNQI,90,-0.340431,0.00726285,-1,,
581,18681,KRE,XLP,90,-0.32049,0.0117979,-1,,
582,18727,KSA,EWH,90,-0.27098,0.0346574,-1,,
583,18740,KSA,EWW,90,-0.308522,0.0155583,-1,,
584,18744,KSA,FAN,90,-0.292963,0.0219457,-1,invalid,KSA>EWW>FAN
585,18913,LARE,EWP,90,-0.296105,0.020502,-1,invalid,LARE>IYK>EWJ>FUE>CWB>YCS>EIDO>EWP
586,18919,LARE,EWY,90,-0.255978,0.0464584,-1,,
587,18937,LARE,GREK,90,-0.27219,0.0338258,-1,invalid,LARE>IYK>EWJ>FUE>GREK
588,18958,LARE,IYK,90,-0.263104,0.0404968,-1,,
589,18961,LARE,JETS,90,-0.331853,0.00898223,-1,,
590,19048,LEDD,ARGT,90,-0.266704,0.0377342,-1,,
591,19166,LEDD,PBS,90,-0.308778,0.0154682,-1,,
592,19298,LIT,HYG,90,-0.26066,0.0424657,-1,,
593,19514,LQD,MINT,90,-0.30993,0.0150683,-1,,
594,19539,LQD,SLV,90,-0.257012,0.0455516,-1,,
595,19581,MBB,AGND,90,-0.311498,0.0145384,-1,,
596,19692,MBB,MINT,90,-0.305547,0.0166386,-1,,
597,19887,MCHI,QAT,90,-0.326254,0.0102866,-1,,
598,19914,MCHI,UUP,90,-0.308088,0.0157119,-1,,
599,19934,MCHI,YCS,90,-0.341955,0.0069895,-1,,
600,20012,MINT,IBB,90,-0.321645,0.0114806,-1,,
601,20060,MINT,PJP,90,-0.301266,0.0183053,-1,,
602,20107,MINT,XLV,90,-0.261397,0.0418644,-1,,
603,20207,MOO,JETS,90,-0.260586,0.0425268,-1,,
604,20250,MOO,SKYY,90,-0.267712,0.0369897,-1,,
605,20253,MOO,SMH,90,-0.290017,0.0233771,-1,invalid,MOO>SKYY>SMH
606,20272,MOO,VNM,90,-0.28308,0.0270625,-1,,
607,20290,MOO,YCS,90,-0.34372,0.00668436,-1,invalid,MOO>SKYY>YCS
608,20529,NLR,FUD,90,-0.299815,0.0189013,-1,,
609,20553,NLR,IHF,90,-0.334159,0.00848842,-1,,
610,20600,NLR,REZ,90,-0.275346,0.0317345,-1,,
611,20629,NLR,VNQ,90,-0.30954,0.0152025,-1,,
612,20660,NORW,CIBR,90,-0.277575,0.0303236,-1,,
613,20663,NORW,CWB,90,-0.254264,0.0479949,-1,,
614,20703,NORW,FDN,90,-0.429041,0.000560415,-1,invalid,NORW>IGN>PBJ>EWJ>FUE>FDN
615,20722,NORW,HYG,90,-0.281261,0.0281055,-1,,
616,20729,NORW,IGN,90,-0.304906,0.0168796,-1,,
617,20730,NORW,IGV,90,-0.311691,0.0144742,-1,,
618,20736,NORW,IYC,90,-0.317317,0.012709,-1,,
619,20737,NORW,IYG,90,-0.277166,0.0305787,-1,,
620,20749,NORW,KBE,90,-0.263233,0.040395,-1,invalid,NORW>XLY>KBE
621,20759,NORW,MCHI,90,-0.331372,0.00908838,-1,,
622,20776,NORW,QABA,90,-0.267421,0.0372035,-1,invalid,NORW>XLY>QABA
623,20784,NORW,SKYY,90,-0.44155,0.000367739,-1,,
624,20787,NORW,SMH,90,-0.358462,0.00455843,-1,invalid,NORW>IGV>SMH
625,20788,NORW,SOCL,90,-0.287945,0.0244305,-1,,
626,20791,NORW,SPY,90,-0.334029,0.00851554,-1,invalid,NORW>XLY>SPY
627,20806,NORW,VNM,90,-0.572486,1.43112e-06,-1,,
628,20816,NORW,XLK,90,-0.445256,0.000323563,-1,invalid,NORW>IGV>EWG>XLK
629,20820,NORW,XLY,90,-0.330394,0.00930748,-1,,
630,20840,PAK,COW,90,-0.279709,0.0290223,-1,,
631,20916,PAK,IYK,90,-0.27363,0.0328583,-1,,
632,20932,PAK,LARE,90,-0.307904,0.0157776,-1,,
633,21016,PALL,CIBR,90,-0.328821,0.0096696,-1,,
634,21019,PALL,CWB,90,-0.283779,0.0266699,-1,,
635,21022,PALL,DBB,90,-0.290917,0.0229317,-1,,
636,21030,PALL,EIS,90,-0.367485,0.0035745,-1,,
637,21050,PALL,EWQ,90,-0.265528,0.0386192,-1,,
638,21054,PALL,EWW,90,-0.392008,0.00178156,-1,,
639,21058,PALL,FAN,90,-0.321432,0.0115385,-1,invalid,PALL>CWB>YCS>EIDO>FAN
640,21074,PALL,GRID,90,-0.330402,0.00930563,-1,,
641,21085,PALL,IGN,90,-0.327586,0.00996228,-1,,
642,21091,PALL,ITB,90,-0.25271,0.0494235,-1,,
643,21097,PALL,JETS,90,-0.286189,0.0253544,-1,,
644,21100,PALL,JJN,90,-0.262115,0.0412845,-1,,
645,21107,PALL,KOL,90,-0.263725,0.040009,-1,,
646,21125,PALL,PEJ,90,-0.276143,0.0312243,-1,,
647,21127,PALL,PHO,90,-0.258955,0.0438859,-1,,
648,21147,PALL,SPY,90,-0.281033,0.0282386,-1,,
649,21171,PALL,XLI,90,-0.322692,0.0111993,-1,,
650,21175,PALL,XLV,90,-0.27673,0.030852,-1,,
651,21180,PALL,YCS,90,-0.328602,0.00972093,-1,invalid,PALL>CWB>YCS
652,21221,PBJ,EWJ,90,-0.269667,0.0355797,-1,invalid,PBJ>IYK>EWJ
653,21272,PBJ,IYK,90,-0.268658,0.0363015,-1,,
654,21273,PBJ,IYR,90,-0.265374,0.0387358,-1,,
655,21341,PBJ,VNQ,90,-0.260169,0.0428706,-1,,
656,21351,PBJ,XLP,90,-0.361479,0.0042057,-1,,
657,21352,PBJ,XLU,90,-0.281461,0.0279895,-1,,
658,21358,PBJ,YCS,90,-0.256248,0.0462202,-1,invalid,PBJ>IYK>EWJ>FUE>CWB>YCS
659,21384,PBS,EIDO,90,-0.292541,0.0221463,-1,invalid,PBS>EWI>BKLN>BNO>DBB>CWB>YCS>EIDO
660,21386,PBS,EIS,90,-0.252569,0.049555,-1,,
661,21396,PBS,EWG,90,-0.274894,0.0320272,-1,,
662,21398,PBS,EWI,90,-0.294245,0.0213465,-1,,
663,21399,PBS,EWJ,90,-0.268815,0.0361885,-1,,
664,21405,PBS,EWP,90,-0.285238,0.0258668,-1,,
665,21411,PBS,EWY,90,-0.273058,0.0332396,-1,invalid,PBS>EWP>RSX>EWY
666,21437,PBS,ICLN,90,-0.252449,0.0496676,-1,,
667,21453,PBS,JETS,90,-0.25616,0.0462975,-1,invalid,PBS>EWP>RSX>JETS
668,21462,PBS,KIE,90,-0.373053,0.00306588,-1,,
669,21473,PBS,MOO,90,-0.259575,0.0433653,-1,,
670,21526,PBS,XLF,90,-0.255855,0.0465674,-1,,
671,21536,PBS,YCS,90,-0.255967,0.0464682,-1,invalid,PBS>EIS>EWH>YCS
672,21542,PEJ,BIL,90,-0.257984,0.0447118,-1,invalid,PEJ>EIDO>BIL
673,21562,PEJ,EIDO,90,-0.271557,0.0342593,-1,,
674,21574,PEJ,EWG,90,-0.276523,0.0309831,-1,invalid,PEJ>EWN>SMH>SKYY>EWG
675,21577,PEJ,EWJ,90,-0.293398,0.0217411,-1,,
676,21581,PEJ,EWN,90,-0.293384,0.0217475,-1,,
677,21583,PEJ,EWP,90,-0.256899,0.0456498,-1,,
678,21589,PEJ,EWY,90,-0.252871,0.0492743,-1,invalid,PEJ>EWP>RSX>EWY
679,21657,PEJ,PBJ,90,-0.287379,0.024725,-1,,
680,21698,PEJ,VNQI,90,-0.383249,0.00229857,-1,invalid,PEJ>EWJ>FUE>VNQI
681,21707,PEJ,XLP,90,-0.266056,0.0382196,-1,,
682,21772,PGAL,FLM,90,-0.265694,0.0384933,-1,,
683,21776,PGAL,FUE,90,-0.270323,0.0351164,-1,,
684,21793,PGAL,ICLN,90,-0.265687,0.0384986,-1,invalid,PGAL>FUE>ICLN
685,21847,PGAL,RSX,90,-0.266883,0.0376014,-1,,
686,21860,PGAL,TAN,90,-0.267278,0.0373086,-1,invalid,PGAL>FUE>TAN
687,22111,PJP,EWJ,90,-0.300583,0.018584,-1,,
688,22205,PJP,SGG,90,-0.329868,0.00942708,-1,,
689,22230,PJP,VNM,90,-0.32575,0.0104117,-1,,
690,22240,PJP,XLK,90,-0.338646,0.00759481,-1,,
691,22271,PPLT,ECH,90,-0.389399,0.00192338,-1,,
692,22276,PPLT,EIS,90,-0.257719,0.0449396,-1,,
693,22300,PPLT,EWW,90,-0.262141,0.0412636,-1,invalid,PPLT>KSA>EWW
694,22304,PPLT,FAN,90,-0.256891,0.0456564,-1,,
695,22326,PPLT,IBB,90,-0.255943,0.0464891,-1,,
696,22331,PPLT,IGN,90,-0.268484,0.0364268,-1,,
697,22337,PPLT,ITB,90,-0.260038,0.0429795,-1,,
698,22355,PPLT,KSA,90,-0.274009,0.0326073,-1,,
699,22366,PPLT,NORW,90,-0.271052,0.0346081,-1,,
700,22374,PPLT,PJP,90,-0.284028,0.0265316,-1,,
701,22421,PPLT,XLV,90,-0.301737,0.0181151,-1,,
702,22547,PSP,PBJ,90,-0.283951,0.0265743,-1,invalid,PSP>TAN>PBJ
703,22572,PSP,TAN,90,-0.299922,0.018857,-1,,
704,22586,PSP,VNM,90,-0.291122,0.0228312,-1,invalid,PSP>TAN>VNM
705,22597,PSP,XLP,90,-0.265156,0.0389023,-1,,
706,22821,QABA,EWH,90,-0.272228,0.0338004,-1,invalid,QABA>XLP>EDEN>EWH
707,22881,QABA,JJS,90,-0.255722,0.0466853,-1,,
708,22944,QABA,VNQI,90,-0.321875,0.0114183,-1,,
709,22953,QABA,XLP,90,-0.289801,0.0234855,-1,,
710,22966,QAT,BIL,90,-0.304099,0.017187,-1,invalid,QAT>GXG>ECH>EIS>EWH>BIL
711,23034,QAT,GXG,90,-0.312891,0.014081,-1,,
712,23052,QAT,IYK,90,-0.256975,0.0455833,-1,invalid,QAT>JO>DBB>CWB>YCS>IYK
713,23062,QAT,JO,90,-0.304326,0.0171,-1,,
714,23116,QAT,URA,90,-0.332879,0.00875953,-1,,
715,23131,QAT,XLP,90,-0.290085,0.0233435,-1,,
716,23141,REZ,AGND,90,-0.413929,0.000912858,-1,,
717,23214,REZ,HYG,90,-0.304496,0.0170352,-1,,
718,23232,REZ,IYT,90,-0.267172,0.0373871,-1,,
719,23296,REZ,UUP,90,-0.315388,0.0132923,-1,,
720,23322,RSX,BIL,90,-0.252435,0.0496802,-1,invalid,RSX>EWY>BIL
721,23369,RSX,EWY,90,-0.348997,0.0058402,-1,,
722,23372,RSX,FAN,90,-0.374265,0.00296409,-1,invalid,RSX>ICLN>FAN
723,23395,RSX,ICLN,90,-0.265546,0.0386056,-1,,
724,23407,RSX,IYG,90,-0.335468,0.00821865,-1,,
725,23411,RSX,JETS,90,-0.330744,0.00922855,-1,,
726,23438,RSX,PBS,90,-0.27995,0.0288785,-1,,
727,23439,RSX,PEJ,90,-0.25555,0.0468386,-1,,
728,23457,RSX,SMH,90,-0.256705,0.0458193,-1,,
729,23476,RSX,VNM,90,-0.279308,0.0292633,-1,,
730,23484,RSX,XLF,90,-0.30964,0.0151679,-1,,
731,23731,SGG,FLOT,90,-0.272239,0.0337929,-1,,
732,23791,SGG,PAK,90,-0.32144,0.0115364,-1,,
733,23987,SHY,SIL,90,-0.25774,0.0449217,-1,invalid,SHY>SLV>SIL
734,23989,SHY,SLV,90,-0.258789,0.0440264,-1,,
735,24051,SIL,ECH,90,-0.352813,0.00528967,-1,,
736,24085,SIL,FDN,90,-0.277726,0.0302302,-1,,
737,24107,SIL,ICLN,90,-0.369457,0.00338634,-1,invalid,SIL>TAN>ICLN
738,24169,SIL,SMH,90,-0.316923,0.0128263,-1,,
739,24170,SIL,SOCL,90,-0.281884,0.0277446,-1,,
740,24174,SIL,TAN,90,-0.333662,0.00859274,-1,,
741,24198,SIL,XLK,90,-0.278596,0.0296951,-1,,
742,24213,SKYY,BJK,90,-0.27,0.035344,-1,,
743,24244,SKYY,EWG,90,-0.327073,0.0100862,-1,,
744,24245,SKYY,EWH,90,-0.335681,0.0081756,-1,invalid,SKYY>IYT>EWH
745,24247,SKYY,EWJ,90,-0.266031,0.0382383,-1,,
746,24251,SKYY,EWN,90,-0.255642,0.0467569,-1,,
747,24259,SKYY,EWY,90,-0.304071,0.0171976,-1,,
748,24262,SKYY,FAN,90,-0.287961,0.0244225,-1,invalid,SKYY>EWJ>FUE>CWB>YCS>EIDO>FAN
749,24298,SKYY,IYK,90,-0.296767,0.0202079,-1,,
750,24300,SKYY,IYT,90,-0.307838,0.015801,-1,,
751,24347,SKYY,SMH,90,-0.324936,0.0106166,-1,,
752,24353,SKYY,TAO,90,-0.307296,0.0159958,-1,invalid,SKYY>EWJ>FUE>TAO
753,24366,SKYY,VNM,90,-0.277234,0.030536,-1,,
754,24368,SKYY,VNQI,90,-0.311041,0.0146911,-1,invalid,SKYY>EWJ>FUE>VNQI
755,24375,SKYY,XLI,90,-0.266599,0.0378126,-1,,
756,24377,SKYY,XLP,90,-0.302619,0.0177637,-1,invalid,SKYY>VNM>XLP
757,24384,SKYY,YCS,90,-0.40824,0.00109058,-1,,
758,24398,SLV,CIBR,90,-0.307214,0.0160256,-1,invalid,SLV>NORW>CIBR
759,24407,SLV,ECH,90,-0.355922,0.00487541,-1,,
760,24440,SLV,FAN,90,-0.315147,0.0133666,-1,invalid,SLV>ECH>FAN
761,24441,SLV,FDN,90,-0.275721,0.0314938,-1,,
762,24463,SLV,ICLN,90,-0.341152,0.00713252,-1,invalid,SLV>IGN>PBJ>EWJ>FUE>ICLN
763,24467,SLV,IGN,90,-0.344669,0.00652502,-1,,
764,24473,SLV,ITB,90,-0.286784,0.0250382,-1,,
765,24502,SLV,NORW,90,-0.263507,0.0401795,-1,,
766,24521,SLV,SIL,90,-0.294641,0.0211642,-1,,
767,24609,SLX,EWP,90,-0.299584,0.0189979,-1,invalid,SLX>JETS>EWP
768,24615,SLX,EWY,90,-0.333902,0.00854231,-1,,
769,24657,SLX,JETS,90,-0.262536,0.0409475,-1,,
770,24878,SMH,SKYY,90,-0.259546,0.0433892,-1,,
771,24898,SMH,UUP,90,-0.293293,0.0217905,-1,,
772,24918,SMH,YCS,90,-0.38665,0.00208374,-1,,
773,25076,SOCL,UUP,90,-0.261183,0.0420379,-1,,
774,25096,SOCL,YCS,90,-0.401363,0.00134667,-1,,
775,25179,SOIL,IGN,90,-0.316191,0.0130466,-1,,
776,25189,SOIL,IYR,90,-0.254789,0.0475198,-1,,
777,25191,SOIL,JETS,90,-0.310048,0.0150279,-1,,
778,25256,SOIL,VNM,90,-0.309141,0.015341,-1,,
779,25274,SOIL,YCS,90,-0.280721,0.0284218,-1,invalid,SOIL>VNM>YCS
780,25491,SPY,EWH,90,-0.277222,0.0305434,-1,invalid,SPY>XLP>EDEN>EWH
781,25493,SPY,EWJ,90,-0.25349,0.048702,-1,,
782,25544,SPY,IYK,90,-0.276232,0.0311673,-1,invalid,SPY>EWJ>FUE>CWB>YCS>IYK
783,25610,SPY,UUP,90,-0.270805,0.0347791,-1,,
784,25612,SPY,VNM,90,-0.271347,0.0344034,-1,invalid,SPY>EWJ>VNM
785,25614,SPY,VNQI,90,-0.252771,0.0493673,-1,,
786,25623,SPY,XLP,90,-0.281863,0.0277567,-1,,
787,25630,SPY,YCS,90,-0.304866,0.0168947,-1,,
788,25636,TAN,BIL,90,-0.253901,0.0483254,-1,invalid,TAN>EIDO>BIL
789,25644,TAN,CIBR,90,-0.27409,0.0325536,-1,,
790,25656,TAN,EIDO,90,-0.272101,0.0338864,-1,invalid,TAN>ITA>GRN>BAL>JO>DBB>CWB>YCS>EIDO
791,25683,TAN,EWY,90,-0.266992,0.03752,-1,,
792,25690,TAN,FM,90,-0.264307,0.0395558,-1,invalid,TAN>ICLN>FM
793,25702,TAN,GRID,90,-0.273384,0.0330216,-1,,
794,25706,TAN,HYG,90,-0.305375,0.0167029,-1,invalid,TAN>CIBR>EWG>HYG
795,25709,TAN,ICLN,90,-0.256453,0.04604,-1,,
796,25714,TAN,IGV,90,-0.285791,0.0255679,-1,,
797,25718,TAN,ITA,90,-0.261998,0.0413787,-1,,
798,25724,TAN,IYT,90,-0.441234,0.000371747,-1,invalid,TAN>ICLN>IYT
799,25751,TAN,PBJ,90,-0.304536,0.0170198,-1,,
800,25753,TAN,PEJ,90,-0.347273,0.00610515,-1,invalid,TAN>CIBR>EWG>PEJ
801,25755,TAN,PHO,90,-0.313267,0.0139598,-1,,
802,25760,TAN,QABA,90,-0.252908,0.0492396,-1,invalid,TAN>XRT>CEW>QABA
803,25761,TAN,QAT,90,-0.27676,0.0308332,-1,,
804,25768,TAN,SKYY,90,-0.280399,0.0286115,-1,invalid,TAN>XRT>CEW>SKYY
805,25790,TAN,VNM,90,-0.272302,0.0337499,-1,,
806,25799,TAN,XLI,90,-0.259636,0.0433141,-1,,
807,25807,TAN,XRT,90,-0.332244,0.00889685,-1,,
808,25808,TAN,YCS,90,-0.273644,0.0328485,-1,invalid,TAN>CIBR>YCS
809,25939,TAO,QAT,90,-0.254151,0.0480979,-1,,
810,25995,THD,BNO,90,-0.283719,0.0267038,-1,,
811,26076,THD,IYC,90,-0.299557,0.0190093,-1,,
812,26131,THD,SPY,90,-0.276501,0.0309967,-1,invalid,THD>IYC>SPY
813,26160,THD,XLY,90,-0.27083,0.0347617,-1,,
814,26278,TIP,MINT,90,-0.292138,0.0223392,-1,,
815,26301,TIP,SIL,90,-0.253006,0.0491489,-1,,
816,26410,TLT,GDX,90,-0.256855,0.0456885,-1,invalid,TLT>GLD>GDX
817,26411,TLT,GLD,90,-0.263971,0.0398168,-1,,
818,26456,TLT,MINT,90,-0.33217,0.008913,-1,,
819,26479,TLT,SIL,90,-0.260399,0.0426808,-1,,
820,26481,TLT,SLV,90,-0.306882,0.0161459,-1,invalid,TLT>GLD>SLV
821,26523,TUR,AGND,90,-0.456754,0.000215511,-1,invalid,TUR>EWZ>AGND
822,26548,TUR,EIS,90,-0.299088,0.0192065,-1,,
823,26556,TUR,EWC,90,-0.25936,0.0435455,-1,,
824,26571,TUR,EWU,90,-0.263449,0.0402248,-1,,
825,26572,TUR,EWW,90,-0.305981,0.0164768,-1,,
826,26574,TUR,EWZ,90,-0.404278,0.00123217,-1,,
827,26576,TUR,FAN,90,-0.324586,0.0107057,-1,invalid,TUR>EWU>ICLN>FAN
828,26578,TUR,FLM,90,-0.26467,0.0392754,-1,,
829,26585,TUR,FXC,90,-0.263498,0.0401865,-1,invalid,TUR>KRE>EIDO>FXC
830,26599,TUR,ICLN,90,-0.34164,0.00704535,-1,,
831,26626,TUR,KRE,90,-0.264166,0.0396653,-1,invalid,TUR>EWZ>KRE
832,26650,TUR,QABA,90,-0.311825,0.0144298,-1,,
833,26684,TUR,VWO,90,-0.262211,0.0412079,-1,,
834,26694,TUR,XLY,90,-0.290535,0.02312,-1,,
835,26791,UAE,IYR,90,-0.252159,0.0499386,-1,,
836,26854,UAE,URA,90,-0.489257,6.3011e-05,-1,,
837,26859,UAE,VNQ,90,-0.297087,0.0200674,-1,,
838,26904,UGA,EIS,90,-0.291586,0.0226055,-1,,
839,26932,UGA,FAN,90,-0.300114,0.0187771,-1,,
840,27011,UGA,SGG,90,-0.328272,0.0097988,-1,,
841,27074,UHN,DBB,90,-0.271304,0.0344335,-1,,
842,27082,UHN,EIS,90,-0.306924,0.0161307,-1,,
843,27110,UHN,FAN,90,-0.303609,0.0173761,-1,invalid,UHN>IYG>EPP>FAN
844,27125,UHN,GREK,90,-0.283017,0.0270979,-1,,
845,27131,UHN,IAI,90,-0.264341,0.0395292,-1,,
846,27145,UHN,IYG,90,-0.292484,0.0221734,-1,,
847,27149,UHN,JETS,90,-0.32553,0.0104668,-1,,
848,27184,UHN,QABA,90,-0.264509,0.0393998,-1,,
849,27220,UHN,WOOD,90,-0.274661,0.0321794,-1,,
850,27222,UHN,XLF,90,-0.31235,0.0142571,-1,,
851,27260,UNG,EIS,90,-0.265989,0.0382703,-1,,
852,27294,UNG,FUE,90,-0.285601,0.0256703,-1,,
853,27327,UNG,JETS,90,-0.264003,0.0397922,-1,,
854,27433,URA,ECH,90,-0.299457,0.0190511,-1,,
855,27466,URA,FAN,90,-0.2869,0.0249769,-1,,
856,27539,URA,PZD,90,-0.254549,0.0477368,-1,,
857,27608,USO,DBB,90,-0.297291,0.0199783,-1,,
858,27611,USO,ECH,90,-0.262237,0.041187,-1,,
859,27614,USO,EIDO,90,-0.254283,0.0479779,-1,invalid,USO>KBE>EIDO
860,27665,USO,IAI,90,-0.252429,0.0496856,-1,,
861,27679,USO,IYG,90,-0.311351,0.0145871,-1,,
862,27683,USO,JETS,90,-0.279398,0.0292091,-1,,
863,27691,USO,KBE,90,-0.309287,0.0152904,-1,,
864,27694,USO,KRE,90,-0.29135,0.02272,-1,,
865,27695,USO,KSA,90,-0.275979,0.0313287,-1,invalid,USO>ECH>EIS>KSA
866,27711,USO,PEJ,90,-0.315749,0.0131815,-1,,
867,27718,USO,QABA,90,-0.336924,0.00792744,-1,,
868,27754,USO,WOOD,90,-0.272394,0.0336872,-1,,
869,27756,USO,XLF,90,-0.342508,0.00689258,-1,,
870,27782,UUP,COW,90,-0.292145,0.0223358,-1,,
871,27865,UUP,JJS,90,-0.311591,0.0145074,-1,,
872,28012,VCSH,GDX,90,-0.303105,0.0175723,-1,invalid,VCSH>IEI>GDX
873,28025,VCSH,IEI,90,-0.270735,0.0348284,-1,,
874,28058,VCSH,MINT,90,-0.278268,0.0298958,-1,invalid,VCSH>IEI>MINT
875,28128,VNM,BIL,90,-0.290495,0.0231398,-1,invalid,VNM>YCS>EIDO>BIL
876,28194,VNM,GRID,90,-0.289911,0.0234301,-1,,
877,28198,VNM,HYG,90,-0.255369,0.0469995,-1,invalid,VNM>XLP>HYG
878,28293,VNM,XLP,90,-0.262623,0.0408782,-1,,
879,28300,VNM,YCS,90,-0.254354,0.0479133,-1,invalid,VNM>GRID>YCS
880,28303,VNQ,AGND,90,-0.409749,0.00104061,-1,,
881,28376,VNQ,HYG,90,-0.30288,0.0176609,-1,,
882,28394,VNQ,IYT,90,-0.274082,0.0325592,-1,,
883,28401,VNQ,JJU,90,-0.259059,0.0437981,-1,,
884,28458,VNQ,UUP,90,-0.294639,0.021165,-1,,
885,28636,VNQI,UUP,90,-0.258135,0.0445821,-1,,
886,28656,VNQI,YCS,90,-0.289884,0.0234436,-1,,
887,28840,VWO,BIL,90,-0.275472,0.0316532,-1,invalid,VWO>IYT>EWH>BIL
888,28890,VWO,FAN,90,-0.256991,0.0455697,-1,,
889,28928,VWO,IYT,90,-0.26376,0.0399813,-1,,
890,28929,VWO,JETS,90,-0.253305,0.0488728,-1,,
891,28957,VWO,PEJ,90,-0.273981,0.0326256,-1,,
892,28964,VWO,QABA,90,-0.277017,0.0306719,-1,,
893,28965,VWO,QAT,90,-0.265441,0.0386849,-1,,
894,29012,VWO,YCS,90,-0.337743,0.00776781,-1,,
895,29047,WEAT,EWA,90,-0.253634,0.04857,-1,,
896,29068,WEAT,FAN,90,-0.268966,0.03608,-1,,
897,29075,WEAT,FXA,90,-0.371958,0.00316046,-1,,
898,29082,WEAT,GLTR,90,-0.302941,0.0176368,-1,,
899,29091,WEAT,ICLN,90,-0.278714,0.0296232,-1,invalid,WEAT>GLTR>ICLN
900,29116,WEAT,KIE,90,-0.326696,0.0101781,-1,,
901,29139,WEAT,PPLT,90,-0.293378,0.0217504,-1,,
902,29151,WEAT,SLV,90,-0.309108,0.0153527,-1,,
903,29282,WOOD,IYK,90,-0.315557,0.0132402,-1,invalid,WOOD>SMH>SKYY>IYK
904,29331,WOOD,SMH,90,-0.299295,0.019119,-1,,
905,29350,WOOD,VNM,90,-0.302172,0.0179411,-1,invalid,WOOD>SMH>SKYY>VNM
906,29385,XLE,CWB,90,-0.255107,0.0472342,-1,invalid,XLE>DBB>CWB
907,29388,XLE,DBB,90,-0.294087,0.0214196,-1,,
908,29396,XLE,EIS,90,-0.302902,0.017652,-1,invalid,XLE>DBB>EIS
909,29451,XLE,IGN,90,-0.348554,0.0059073,-1,,
910,29457,XLE,ITB,90,-0.269216,0.0359005,-1,,
911,29458,XLE,IYC,90,-0.3156,0.0132268,-1,,
912,29459,XLE,IYG,90,-0.339541,0.00742673,-1,invalid,XLE>IYC>IYG
913,29471,XLE,KBE,90,-0.357326,0.0046979,-1,,
914,29472,XLE,KIE,90,-0.316698,0.0128936,-1,invalid,XLE>IYC>KIE
915,29474,XLE,KRE,90,-0.348611,0.0058986,-1,,
916,29490,XLE,PBS,90,-0.334959,0.00832275,-1,,
917,29491,XLE,PEJ,90,-0.278142,0.0299731,-1,,
918,29498,XLE,QABA,90,-0.324339,0.0107691,-1,invalid,XLE>IYC>QABA
919,29506,XLE,SKYY,90,-0.27185,0.0340579,-1,,
920,29536,XLE,XLF,90,-0.339393,0.00745428,-1,invalid,XLE>IYC>XLF
921,29542,XLE,XLY,90,-0.346397,0.00624368,-1,,
922,29585,XLF,EWH,90,-0.282297,0.0275075,-1,,
923,29605,XLF,FLOT,90,-0.2761,0.0312515,-1,,
924,29708,XLF,VNQI,90,-0.260333,0.0427354,-1,,
925,29884,XLI,VNM,90,-0.287412,0.024708,-1,,
926,29941,XLK,EWH,90,-0.286773,0.0250439,-1,invalid,XLK>IYT>EWH
927,29994,XLK,IYK,90,-0.330564,0.00926896,-1,,
928,29996,XLK,IYT,90,-0.254228,0.0480275,-1,,
929,30002,XLK,JJT,90,-0.262913,0.0406484,-1,,
930,30023,XLK,PBJ,90,-0.275562,0.0315957,-1,,
931,30049,XLK,TAO,90,-0.252139,0.0499579,-1,,
932,30060,XLK,UUP,90,-0.271047,0.034611,-1,invalid,XLK>JJT>CYB>BKLN>UUP
933,30071,XLK,XLI,90,-0.287385,0.0247218,-1,,
934,30073,XLK,XLP,90,-0.329005,0.00962653,-1,invalid,XLK>TAO>QAT>XLP
935,30080,XLK,YCS,90,-0.377512,0.00270599,-1,,
936,30104,XLP,EDEN,90,-0.281599,0.0279092,-1,,
937,30117,XLP,EWD,90,-0.314408,0.013597,-1,,
938,30121,XLP,EWJ,90,-0.254679,0.0476189,-1,invalid,XLP>PSP>PBJ>EWJ
939,30138,XLP,FLM,90,-0.287335,0.0247481,-1,,
940,30156,XLP,HYG,90,-0.348542,0.00590909,-1,invalid,XLP>SMH>SKYY>BJK>GRID>VNM>HYG
941,30208,XLP,PSP,90,-0.294946,0.0210249,-1,,
942,30209,XLP,PZD,90,-0.27748,0.030383,-1,,
943,30221,XLP,SMH,90,-0.274269,0.0324363,-1,,
944,30249,XLP,XLI,90,-0.29671,0.0202332,-1,invalid,XLP>SMH>SKYY>XLI
945,30261,XLU,AGND,90,-0.253706,0.0485042,-1,,
946,30620,XLY,BIL,90,-0.266317,0.0380237,-1,invalid,XLY>EIDO>BIL
947,30640,XLY,EIDO,90,-0.317132,0.0127641,-1,,
948,30653,XLY,EWH,90,-0.270306,0.0351283,-1,invalid,XLY>IYG>EWH
949,30655,XLY,EWJ,90,-0.32248,0.0112558,-1,,
950,30667,XLY,EWY,90,-0.306076,0.0164417,-1,,
951,30705,XLY,IYG,90,-0.274423,0.0323349,-1,,
952,30708,XLY,IYT,90,-0.257894,0.0447889,-1,,
953,30717,XLY,KBE,90,-0.291844,0.0224804,-1,,
954,30718,XLY,KIE,90,-0.329739,0.00945682,-1,,
955,30720,XLY,KRE,90,-0.286644,0.0251124,-1,,
956,30729,XLY,MOO,90,-0.252767,0.0493711,-1,,
957,30735,XLY,PBJ,90,-0.318639,0.0123223,-1,,
958,30744,XLY,QABA,90,-0.34555,0.00638027,-1,,
959,30757,XLY,SOIL,90,-0.26857,0.0363653,-1,,
960,30759,XLY,SPY,90,-0.265047,0.038986,-1,,
961,30780,XLY,WOOD,90,-0.25905,0.0438057,-1,,
962,30782,XLY,XLF,90,-0.293356,0.0217607,-1,,
963,30792,XLY,YCS,90,-0.309927,0.0150692,-1,,
964,30809,XME,CWB,90,-0.296764,0.0202093,-1,,
965,30827,XME,EWA,90,-0.268377,0.0365047,-1,,
966,30839,XME,EWP,90,-0.302269,0.0179023,-1,,
967,30845,XME,EWY,90,-0.292506,0.0221631,-1,,
968,30998,XOP,EIS,90,-0.304562,0.0170099,-1,,
969,31053,XOP,IGN,90,-0.267184,0.0373781,-1,,
970,31056,XOP,IHI,90,-0.288536,0.0241261,-1,,
971,31059,XOP,ITB,90,-0.275362,0.0317247,-1,,
972,31061,XOP,IYG,90,-0.293126,0.0218688,-1,invalid,XOP>XLY>IYG
973,31073,XOP,KBE,90,-0.318866,0.0122571,-1,,
974,31074,XOP,KIE,90,-0.302643,0.0177542,-1,invalid,XOP>XLY>KIE
975,31076,XOP,KRE,90,-0.3173,0.0127142,-1,,
976,31100,XOP,QABA,90,-0.319385,0.0121086,-1,invalid,XOP>XLY>QABA
977,31105,XOP,SGG,90,-0.265774,0.0384325,-1,,
978,31138,XOP,XLF,90,-0.299925,0.0188555,-1,invalid,XOP>XLY>XLF
979,31144,XOP,XLY,90,-0.262684,0.0408295,-1,,
980,31161,XRT,CEW,90,-0.28856,0.0241137,-1,,
981,31166,XRT,CYB,90,-0.252477,0.049641,-1,,
982,31171,XRT,ECH,90,-0.280917,0.0283067,-1,,
983,31174,XRT,EIDO,90,-0.34311,0.00678851,-1,,
984,31178,XRT,ENZL,90,-0.282861,0.0271859,-1,,
985,31181,XRT,EPP,90,-0.295266,0.0208793,-1,,
986,31183,XRT,EWA,90,-0.289499,0.0236367,-1,,
987,31195,XRT,EWP,90,-0.415044,0.000881244,-1,,
988,31199,XRT,EWU,90,-0.307718,0.0158439,-1,invalid,XRT>TUR>EWU
989,31201,XRT,EWY,90,-0.287128,0.0248567,-1,,
990,31204,XRT,FAN,90,-0.413338,0.000930017,-1,invalid,XRT>CYB>BKLN>BNO>DBB>CWB>YCS>EIDO>FAN
991,31227,XRT,ICLN,90,-0.337216,0.00787018,-1,,
992,31230,XRT,IGF,90,-0.332542,0.00883211,-1,invalid,XRT>CYB>BKLN>BNO>DBB>CWB>YCS>IGF
993,31253,XRT,KOL,90,-0.259365,0.0435409,-1,,
994,31255,XRT,KSA,90,-0.270811,0.0347755,-1,invalid,XRT>KOL>EIS>KSA
995,31268,XRT,PALL,90,-0.269824,0.0354681,-1,,
996,31272,XRT,PGAL,90,-0.355882,0.00488054,-1,invalid,XRT>CYB>BKLN>BNO>DBB>CWB>YCS>EIDO>PGAL
997,31279,XRT,QAT,90,-0.253971,0.0482621,-1,,
998,31299,XRT,TUR,90,-0.362983,0.00403904,-1,invalid,XRT>CYB>BKLN>BNO>DBB>CWB>YCS>EIDO>TUR
999,31310,XRT,VNQI,90,-0.300201,0.0187413,-1,,
1000,31352,YCS,EIDO,90,-0.291752,0.022525,-1,,
1001,31370,YCS,EWM,90,-0.312319,0.0142674,-1,,
1002,31408,YCS,IGF,90,-0.296398,0.0203714,-1,,
1003,31418,YCS,IYK,90,-0.334621,0.00839228,-1,,
1004,31425,YCS,JJS,90,-0.314366,0.0136103,-1,,
1005,31506,^VIX,AGG,90,-0.363891,0.0039412,-1,invalid,^VIX>FXF>AGG
1006,31522,^VIX,CYB,90,-0.263891,0.0398794,-1,,
1007,31571,^VIX,FXF,90,-0.341778,0.0070209,-1,,
1008,31572,^VIX,GDX,90,-0.441828,0.000364241,-1,,
1009,31573,^VIX,GLD,90,-0.362917,0.00404618,-1,invalid,^VIX>TLT>GLD
1010,31574,^VIX,GLTR,90,-0.343413,0.00673654,-1,,
1011,31579,^VIX,HYD,90,-0.328547,0.00973378,-1,,
1012,31584,^VIX,IEF,90,-0.362972,0.00404024,-1,,
1013,31585,^VIX,IEI,90,-0.363933,0.00393675,-1,invalid,^VIX>VCSH>IEI
1014,31615,^VIX,LQD,90,-0.417527,0.0008144,-1,,
1015,31616,^VIX,MBB,90,-0.374242,0.00296596,-1,,
1016,31618,^VIX,MINT,90,-0.447737,0.000296762,-1,,
1017,31622,^VIX,NORW,90,-0.287997,0.0244036,-1,invalid,^VIX>GDX>NORW
1018,31631,^VIX,PPLT,90,-0.255213,0.0471394,-1,,
1019,31641,^VIX,SIL,90,-0.449246,0.000281468,-1,invalid,^VIX>GDX>SIL
1020,31643,^VIX,SLV,90,-0.264897,0.0391007,-1,,
1021,31653,^VIX,TIP,90,-0.312783,0.0141161,-1,,
1022,31654,^VIX,TLT,90,-0.376593,0.00277695,-1,,
1023,31663,^VIX,VCSH,90,-0.395114,0.00162493,-1,,
